awayTeam,homeTeam,awayScore,homeScore,team1points,team2points,team1TORating,team2TORating,team1RushMultiplier,team2RushMultiplier,team1AdjRushRating,team2AdjRushRating,team1PassMultiplier,team2PassMultiplier,team1AdjPassRating,team2AdjPassRating,spread
Ravens,Chiefs,20,27,24.1,23.0,1.745068359375,1.8281668526785717,1.2737690357839122,0.627813934727676,1.0623347183900207,0.9243839167769093,1.073801900629583,1.2205035340458112,1.4276470150780802,2.70829025099049,-7
Packers,Eagles,29,34,22.75,23.65,0.9033295036764706,0.8825633081896551,1.053969368749481,1.3128970963487923,1.01133416240716,1.086581797785586,0.8462023360012744,0.856463055475966,0.43388146660404414,0.4608325738967303,-5
Steelers,Falcons,18,10,23.2,21.2,1.333038330078125,0.5384502651647967,1.0821445884368033,0.8744329815090792,1.0176461766928437,0.9755231170583669,0.9235245041551852,1.1293192453328467,0.6718032739332144,1.8368920994479814,8
Cardinals,Bills,28,34,21.85,27.0,0.6192178049395162,3.4278128487723216,1.1836734019309496,1.1522831240946503,1.03860153078151,1.0277869729585847,1.015268167985095,1.0466056757203488,1.078707874697095,1.2557853951929487,-6
Titans,Bears,17,24,20.200000000000003,22.6,0.52880859375,1.613088399422269,1.0300781005935644,0.9323375401974312,1.0058472747847962,0.9866144576402521,0.90007058353212,0.6939512352790191,0.5907215855988804,0.16093287352537192,-7
Patriots,Bengals,16,10,21.35,26.700000000000003,0.7271118164062501,1.59964599609375,1.0571921067333416,0.8632651052547825,1.0126935839709124,0.9813663314658083,0.8411391436548649,1.2608361750536683,0.42105537905376017,3.186348719697395,6
Texans,Colts,29,27,23.55,22.15,0.8886922200520834,0.472801772244458,0.9879898127644801,1.0882102616611924,0.9978505893209654,1.0195110853630882,1.0264728329696315,0.8205013801072989,1.139560266878976,0.37187465437026956,2
Jaguars,Dolphins,17,20,19.700000000000003,22.950000000000003,1.1127972146739131,2.5092486213235294,0.7248926329902089,0.9406568958767387,0.945440700679702,0.9898450852595504,0.8999650650441509,1.2072643539579009,0.5903754047739573,2.5645542388363696,-3
Panthers,Saints,10,47,20.9,25.45,1.090667724609375,1.26287841796875,1.0459285816264041,1.4586024145935406,1.0090901595122257,1.0778122352106223,0.9271591711082448,0.947414483108051,0.6851276465933976,0.7633084980256518,-37
Vikings,Giants,28,6,25.549999999999997,17.55,1.2187779017857145,0.562925277217742,1.0716469523177978,0.6470693752811587,1.0111116133490656,0.9210757945296887,1.074474845846029,0.9966869555303584,1.4321261147571505,0.9835441772418602,22
Raiders,Chargers,10,22,17.85,24.0,0.6855625697544643,3.281325120192308,0.7041542861373936,0.8805251850721572,0.9532653022752108,0.9767707960407691,0.9737182504443405,0.9104897926232793,0.8753193927983822,0.6257133293679531,-12
Broncos,Seahawks,20,26,22.799999999999997,20.5,1.1885914522058822,0.6398583984374999,0.9402310141241055,0.660119509248733,0.9886416806627398,0.9418506329509863,0.8943577532658037,1.1608476610152094,0.5722112359885361,2.10802692328312,-6
Cowboys,Browns,33,17,22.85,21.65,1.142604282924107,0.5713021414620535,0.8421651079956326,0.9386294194674814,0.9737717970063982,0.9895395882422172,1.0206034200474734,0.9798090826836227,1.1073504758390103,0.903040659523083,16
Commanders,Buccaneers,20,37,25.9,26.5,1.421907552083333,1.026510799632353,1.092235891473788,1.4058224002729396,1.0208620362539822,1.0703434407432981,1.1379590482754813,1.0013971482764534,1.9082407547346234,1.007005288907051,-17
Rams,Lions,20,26,20.65,27.6,1.3423602764423077,1.4765963040865384,0.7227667150610807,1.3090746330772072,0.9467791024361673,1.0520883275775361,1.1297834843030083,1.2557617528280172,1.8406707399367355,3.1227430993793615,-6
Jets,49ers,19,32,21.200000000000003,23.05,1.2546243106617647,1.3423602764423077,0.7619932171458315,1.091863070398532,0.959659653591671,1.0169062336519978,0.8392985028817957,0.9603688904091527,0.4164685800294767,0.8169404810127429,-13
Bills,Dolphins,31,10,26.3,20.950000000000003,3.1992919921875,0.7284915352229602,0.9423604228872717,0.854417935468933,0.9885863224569829,0.9740915714409762,1.0307329830080023,1.0573518226166014,1.1634048434746458,1.3215925786189884,21
Saints,Cowboys,44,19,23.85,21.95,0.9621930803571428,0.8569532121930804,1.1428055096815417,0.9439578285430499,1.0268525423836206,0.9911161995486505,0.9586418197355847,1.1543741653436534,0.8096211661642918,2.0499015029788277,25
Buccaneers,Lions,20,16,24.799999999999997,27.9,0.793212890625,1.640662560096154,1.0129737119742834,1.0036573740937298,1.0025758823380395,1.000688531981307,1.2866695587688903,1.3735419976220695,3.5264288892116893,4.888883800814582,4
Colts,Packers,10,16,20.75,26.35,0.45649826285671813,0.9409682329963236,0.9434914531155763,1.3427004410314267,0.986791752960434,1.0652234694881757,0.904898160298968,1.107162693588969,0.606734270830425,1.663631818003379,-6
Jets,Titans,24,17,23.200000000000003,21.3,1.2546243106617647,0.8949068509615385,0.8148919198237238,0.9289235045082894,0.9694666856165225,0.9855994483562706,0.8145728514057363,0.7863860663935787,0.3586325116535358,0.3007315891019256,7
49ers,Vikings,17,23,20.450000000000003,24.85,0.562925277217742,1.0753922662815127,0.7996104447390745,0.9157435115145025,0.9582376415580973,0.9860421760526735,1.2165671435448235,0.946880957901813,2.6648969228694837,0.7611616767573206,-6
Seahawks,Patriots,23,20,23.35,19.0,1.333038330078125,1.026510799632353,0.8605129316992414,1.016721471397456,0.9785641245566851,1.0037681194052452,1.0932450592872485,0.7508081138797554,1.5616640634268257,0.23858590692774795,3
Giants,Commanders,18,21,19.8,26.799999999999997,1.026510799632353,1.7062890625,1.004022515334102,1.548154176503387,1.0007584730339538,1.1076983465467267,0.7655177724947868,0.9664984975144961,0.26289140612371814,0.8433462460773332,-3
Chargers,Panthers,26,3,27.0,18.1,2.66607666015625,0.8725341796875,1.3474472771562682,0.9203569977790932,1.0566313689590303,0.9834145328350438,0.9567119755821241,0.7953703935559682,0.8015046591493535,0.3183076710514707,23
Browns,Jaguars,18,13,20.55,21.8,1.333038330078125,1.3909965183423916,0.8790339007711335,0.875089258308219,0.9788207972794084,0.9770009669619986,1.1373729757097728,0.9185880187481443,1.9033318953830294,0.6540393568821484,5
Raiders,Ravens,26,23,20.0,27.6,0.9140834263392859,2.6847205528846154,0.4694361907582624,1.4979420197011217,0.9019564473989168,1.1062540810250845,1.1757482275773496,1.0556018684155222,2.246837499676058,1.3106923096223706,3
Rams,Cardinals,10,41,21.799999999999997,22.200000000000003,2.109423291552198,0.9597875976562501,0.9223530566820086,1.3081649217269105,0.9864771680023298,1.0621946550305388,0.9916152878033891,1.0071712131673143,0.9587736029368883,1.0363740299512574,-31
Steelers,Broncos,13,6,21.049999999999997,22.35,0.9597875976562499,0.6518082157258065,0.9205078018095338,0.7683772544344842,0.9818142784501542,0.9523372140664311,0.9585159603342719,0.988454818392649,0.8090898327698314,0.9435917040610923,7
Bengals,Chiefs,25,26,23.15,25.1,0.9597875976562501,1.142604282924107,0.6458063915262184,0.984806172121845,0.9455991466303025,0.9974173121772076,1.2358172754102408,1.129641097909604,2.882513231368709,1.839511135381276,-1
Bears,Texans,13,19,20.15,21.8,0.9793750996492347,0.9694824218750001,0.8343484324177939,0.9909612106976065,0.965764814117609,0.99838435838299,0.7774282247954385,0.9788850543180933,0.28398900032270724,0.8987905315050614,-6
Falcons,Eagles,22,21,20.0,25.7,0.6676783288043477,1.421907552083333,0.9074632531764204,1.54958472029215,0.9822261987791391,1.1429283297977264,0.8779723000295907,0.8638665122794433,0.5216798601726865,0.4810976047638128,1
Patriots,Jets,3,24,20.3,22.1,1.3423602764423077,1.7773844401041667,0.9935953940626641,0.8274868490327459,0.998543838067902,0.9717218133587691,0.7032654666296978,0.9922312360855707,0.17202693873193828,0.9617550468040591,-21
Giants,Browns,21,15,20.65,20.1,1.4542236328125002,0.799822998046875,0.9114791086537094,0.9589460735685091,0.9826471376491372,0.9930640661284292,0.8678050216255707,0.9180193207125833,0.4921650776471503,0.6520172826489928,6
Packers,Titans,30,14,27.35,19.1,1.328425740700692,0.40116514008620685,1.3063566696952378,0.7752611791573754,1.0589743895512775,0.9511527530230484,0.8533979340965233,0.8988437721960926,0.45264521730136514,0.5867067279062184,16
Bears,Colts,16,21,21.6,21.85,1.142604282924107,0.6017477101293103,0.9582758334332175,1.2536031857133254,0.9918357330728809,1.0530228567354258,0.9003032327284857,0.9061332351310412,0.5914854255076978,0.6108861778033318,-5
Texans,Vikings,7,34,20.3,24.4,0.688019783266129,0.6529167330994898,0.6544503947710578,0.8763892449039619,0.9272808487112514,0.9791495492731809,1.0834002691135278,1.0295328691207384,1.4926043247836709,1.1566476580720795,-27
Eagles,Saints,15,12,25.45,19.0,1.59964599609375,0.8082421875,1.8189640050011653,0.8608145397601225,1.2001924535637474,0.9706863165569205,0.9347838353443324,0.7617316081142215,0.7137661845888786,0.25645424090650704,3
Chargers,Steelers,10,20,21.75,20.15,1.376039566532258,1.1997344970703125,0.7662701870091609,1.1177594736258625,0.9520131677069293,1.0249739942724636,0.9894163503171556,0.8572906763876279,0.9481900954630154,0.46306344939604344,-10
Broncos,Buccaneers,26,7,23.549999999999997,24.549999999999997,1.1225585937500002,0.69802734375,0.7630306930219184,1.03662690524881,0.9511054499455474,1.0072049429342556,1.0668690393316869,1.2315418696868623,1.38215121597805,2.832995648014186,19
Panthers,Raiders,36,22,21.8,24.55,1.3423602764423077,0.8569532121930804,0.8692260534580324,1.0176870360923604,0.9721522216234456,1.002395221843846,0.8069647141617403,1.0380650347302638,0.34219426328741603,1.2053767616211541,14
Dolphins,Seahawks,3,24,20.85,21.200000000000003,1.328425740700692,1.0664306640625,0.8921021870757051,0.6732171185592237,0.9811312358185342,0.9445235463439804,0.9617825838865234,1.0483448238112147,0.8229710207288403,1.2662538419242801,-21
Ravens,Cowboys,28,25,29.0,21.299999999999997,1.6619698660714284,0.9140834263392859,1.7959754665274694,0.5537523997779502,1.15757133451,0.9126092483725791,1.122335319867078,1.1957564822338385,1.780791819066462,2.4446332779864974,3
49ers,Rams,24,27,22.200000000000003,22.35,0.8725341796875,1.7371721224547512,1.1826247553859413,0.887865710887216,1.0325145683052377,0.9801651479106344,1.1181830190463302,0.8614364087884419,1.7480927170489702,0.4743687997335111,-3
Lions,Cardinals,20,13,27.549999999999997,21.0,2.109423291552198,0.8725341796875,1.2628601794152334,0.9889044112824302,1.0449831582634224,0.9974969760009438,1.1834110310259562,1.0813932989969732,2.3210156346246773,1.4788304024495227,7
Chiefs,Falcons,22,17,23.9,19.95,1.523472377232143,0.8345979110054348,0.9117150890346767,0.8544409749735834,0.984509605193892,0.9713650412761676,1.0888757887241705,1.0571503204437929,1.5307057254513083,1.3203337625397147,5
Jaguars,Bills,10,47,20.1,28.700000000000003,0.5384502651647967,5.3321533203125,0.8313700528165918,1.1898675378479366,0.9683082026938249,1.034185486971974,0.9774885234863563,1.278247784991156,0.8923974808220954,3.412520304939921,-37
Commanders,Bengals,38,33,27.5,25.8,1.0664306640625,1.1291618795955882,1.3994614024889376,0.8980847784499905,1.081829171269412,0.9863431975705468,1.0687243001362219,1.0886130519268176,1.3942107319622719,1.5288598827526985,5
Cowboys,Giants,20,15,22.7,22.05,0.9140834263392859,0.8309849330357142,0.9609232819676196,1.01797747348432,0.993851587094378,1.003370812305258,1.0008746410649432,0.9083107722813611,1.0043808619885468,0.6182616720498727,5
Saints,Falcons,24,26,21.799999999999997,22.549999999999997,1.1225585937500002,1.0432473887567935,0.9770739747277251,1.2090817865597707,0.995406558442454,1.0356871988300782,0.9573463578170232,1.1940224193713085,0.8041655178140663,2.426958815836441,-2
Rams,Bears,18,24,21.6,20.1,1.3423602764423077,1.3711251395089286,0.978853601920286,0.938822113506378,0.9964062245299252,0.9879306697077082,1.0343816343389856,0.8733877548002945,1.1841425984928318,0.5082009743204625,-6
Vikings,Packers,31,29,23.0,23.1,0.6304023629926108,0.7284915352229602,0.7598400707112071,0.8894128485328473,0.9570882441940147,0.9751849115967496,1.1354306303699866,1.1685651306684264,1.8871352623277549,2.1790370536526265,2
Steelers,Colts,24,27,24.0,21.2,0.9997787475585938,0.4270467620272525,1.2145589051653571,0.945370918161623,1.0440111817866098,0.9872407398605519,0.9614319150158626,0.9341282646580338,0.8214718255981216,0.7112668456364739,-3
Broncos,Jets,10,9,24.1,19.25,1.5543118990384615,0.8531445312499999,0.9188447684738416,0.6347844321347091,0.984434393343841,0.933470565245108,0.8377252603653874,1.0535874823409774,0.4125798899971754,1.298234095121297,1
Eagles,Buccaneers,16,33,25.299999999999997,23.9,1.421907552083333,0.69802734375,1.3063587641956609,1.0736492947219818,1.0849284033766569,1.0142834930367766,0.954266616406115,0.9441285780650261,0.791313645367174,0.7501631350741546,-17
Bengals,Panthers,34,24,29.65,22.35,1.1997344970703125,0.7271118164062501,1.1621887147608143,0.9624648342787904,1.0194140356366412,0.9923200942076738,1.2765457166902394,0.8888979131091967,3.3898607903579063,0.5549571267600336,10
Jaguars,Texans,20,24,20.5,23.700000000000003,0.596141365003882,2.3698459201388884,0.8165619348274921,0.9642186292994701,0.9652782468537501,0.9935322593834586,0.8631522495827684,1.1461093979907888,0.47911198374247954,1.9775631853926503,-4
Commanders,Cardinals,42,14,25.549999999999997,22.700000000000003,1.8281668526785717,1.1291618795955882,1.3743148304129644,1.372418609363535,1.0772482649773776,1.0736964330388656,0.9804383796901861,0.8416334702260136,0.9059443437025624,0.4222940780740116,28
Patriots,49ers,13,30,19.950000000000003,23.6,1.026510799632353,1.4542236328125002,0.9993769133963621,1.1926085407345561,0.999858651162703,1.034171673932352,0.6703513262258118,1.082225369483429,0.13536686299106912,1.4845285428790889,-17
Browns,Raiders,16,20,20.25,21.55,0.9228726900540867,1.142604282924107,0.7828684046929354,0.7139342067781907,0.9601719654434292,0.9550611735269895,0.9215501642537857,1.0035259519885549,0.664652900491028,1.0177545224486462,-4
Chiefs,Chargers,17,10,20.85,20.5,1.3711251395089286,2.132861328125,0.9417209020915142,0.7487510873061682,0.9899090571500713,0.9479545941697115,1.0107832084773762,0.9261878924960946,1.0550914244401575,0.6815465082145009,7
Bills,Ravens,10,35,26.85,25.9,3.1992919921875,1.125850554435484,0.7480215029922311,1.5277453643837566,0.9454095451993578,1.1117137031165627,1.2326137934431596,1.1410409085315292,2.8453462076971814,1.9342209146536051,-25
Titans,Dolphins,31,12,19.700000000000003,23.8,0.7755859374999999,1.328425740700692,0.7937933188981892,0.9377581072916022,0.9555835823626805,0.9893355026278028,0.8497713187549956,0.8334199789255358,0.4431087683750709,0.4020865409880963,19
Seahawks,Lions,29,42,20.75,27.15,0.7271118164062501,1.7371721224547512,0.6450572585416686,1.236738966475857,0.9387200859409272,1.0408733563102304,1.2128108548807317,1.151442107438999,2.6240093403293545,2.024000131048519,-13
Buccaneers,Falcons,30,36,26.7,22.4,0.9694824218750001,0.927331012228261,1.2186536534919044,0.8683484577808851,1.040254299724241,0.9742658931507011,1.18658336596948,1.2189082555399477,2.3522922601301555,2.6906368908772467,-6
Jets,Vikings,17,23,18.950000000000003,25.2,0.688019783266129,1.4062821943681318,0.5548066316574194,0.9104458217784682,0.9146206910782106,0.9851289960487366,1.115401611031126,0.9933726579624585,1.7264592702351846,0.9672996052310817,-6
Panthers,Bears,10,36,20.200000000000003,24.45,0.793212890625,1.7139064243861608,1.0030688194749269,1.2745789092807231,1.0006176598936318,1.047772577485678,0.8506366551101487,0.8558341822384306,0.4453694933291654,0.4591431840632518,-26
Ravens,Bengals,41,38,28.15,25.1,1.4542236328125002,1.279716796875,1.6586209214683703,0.5360915722130155,1.134783892881273,0.9233418312737347,1.1627798358983241,1.4458596654399474,2.125628966501881,6.318743304967991,3
Dolphins,Patriots,15,10,22.700000000000003,18.700000000000003,1.8819364659926472,1.1633789062500002,0.9522520502172841,0.849057410720215,0.991870422107744,0.9635695514540937,1.0151889231768612,0.7599509306586126,1.0782869580460037,0.25347069516866694,5
Browns,Commanders,13,34,19.4,26.95,0.7057261747472426,2.132861328125,0.9257622052034972,1.3568215628818525,0.9872743727645025,1.0740235374810294,0.8257760331986747,0.9855496698212722,0.38398244546164056,0.9298065128817903,-21
Colts,Jaguars,34,37,23.75,21.950000000000003,1.4709388469827585,0.6954982591711958,1.21977281488448,0.9378474726429745,1.046458388003885,0.9888726584304917,1.0609292807508828,0.9995762127631858,1.344101849477811,0.9978828590112068,-3
Bills,Texans,20,23,27.1,21.700000000000003,1.7139064243861608,0.688019783266129,1.06153051527574,0.8758195407889641,1.0116127957283003,0.9766640124930377,0.9885711429908319,1.0037908076310478,0.944147059558086,1.019098286160993,-3
Raiders,Broncos,18,34,18.75,24.6,0.5484500558035714,1.5543118990384615,0.5798917650543242,0.8829464275608984,0.9283418513693776,0.9771893080832041,1.0886908135434534,0.9096049628928388,1.5294060070237205,0.6226788378587065,-16
Cardinals,49ers,24,23,22.700000000000003,22.15,1.1291618795955882,1.2464773995535714,1.2147962818799398,1.140874380291733,1.0446738352008078,1.0254597298115704,0.8245398989440316,1.053758896912799,0.3811170503223822,1.2992905269250559,1
Packers,Rams,24,19,24.85,20.5,1.1291618795955882,1.0183422786803713,1.3154426125292853,0.7367084080419545,1.060549340191253,0.9498310210054527,1.074062942350824,1.0329717547828672,1.4293831671239312,1.1760945363656499,5
Giants,Seahawks,29,20,18.85,23.15,1.026510799632353,1.0664306640625,0.9041343938378053,0.927310739182744,0.9811467636446017,0.9891735992214333,0.8399828898619975,1.049353817866856,0.4181693508966166,1.2723592010977662,9
Cowboys,Steelers,20,17,20.6,25.25,0.4422984320996544,1.142604282924107,0.6826898458046787,1.265698227488109,0.942649957398953,1.0535955614062362,1.0918195002770945,0.9247741990187239,1.5515087651665012,0.6763609456337774,3
Saints,Chiefs,13,26,18.95,23.65,1.0103027343750002,1.7139064243861608,0.8105179047741381,1.0702073323605361,0.9591542865378407,1.011526620665557,0.9171870383416135,1.178264779950061,0.6490670211099766,2.2709861254040313,-13
49ers,Seahawks,36,24,21.75,22.450000000000003,1.026510799632353,0.9409682329963234,1.1172763421950065,0.7924053632846895,1.0213792981163612,0.9669944726828086,1.0252924243421688,0.9247430519951669,1.133023042816195,0.676247051824348,12
Jaguars,Bears,16,35,20.200000000000003,21.75,0.7587253736413044,3.046944754464286,0.9406680665456603,0.9352195727791853,0.9893906360183365,0.9872003506268563,0.9532353744765044,1.0052345887094054,0.7870471543263492,1.026448390819996,-19
Cardinals,Packers,13,34,20.85,24.799999999999997,0.6619224811422413,1.613088399422269,1.0079797247995534,1.269003349155266,1.0017868444929272,1.0524077434742698,0.9887281494157019,1.012180798731683,0.9448970523604219,1.062405895452416,-21
Colts,Titans,20,17,24.6,21.950000000000003,0.7787323307555779,0.48474121093750006,1.216013884792386,1.026989410636762,1.0457203658352026,1.0052531915740228,0.7323993754194104,0.943826854517098,0.21073653082005214,0.7489652195256145,3
Texans,Patriots,41,21,23.450000000000003,19.5,1.7773844401041667,0.6232386997767857,0.9761042210319752,0.95642848406032,0.9957022292684193,0.9899471881970454,0.9637637040923707,0.7288653536104981,0.8314819625294192,0.20570106173264882,20
Buccaneers,Saints,51,27,26.45,21.4,1.090667724609375,1.1225585937500002,1.430503993255054,0.823710464770462,1.0740677066305835,0.9622333783987435,1.2839934573571417,1.057528746185787,3.489908606747944,1.3226986396916984,24
Browns,Eagles,16,20,16.8,26.35,0.47989379882812494,2.132861328125,0.7070195627157653,1.6228140404072222,0.9440628857210529,1.1591393373556413,0.7785510008350948,0.8264595726408206,0.28604564273299726,0.3855742936886137,-4
Commanders,Ravens,23,30,25.4,26.75,1.7062890625,2.053021599264706,0.8921566440866975,1.7713553122244232,0.9736478737752483,1.1535853420693634,1.154686906886309,0.9458961186807671,2.0526797911539125,0.7572115278888448,-7
Chargers,Broncos,23,16,21.2,20.9,1.7062890624999998,1.0103027343750002,0.7677935869833343,0.9348844527115395,0.9523624999942798,0.987597226203289,1.003370216870769,0.8965359260696658,1.0169650514183328,0.5792132480180302,7
Steelers,Raiders,32,13,23.85,19.3,1.8457453801081734,0.4422984320996544,1.0556617250910922,0.5787411861554068,1.0120746123114615,0.928090296042925,0.8697876250230161,1.0735503937114717,0.49781287204915015,1.425975873781526,19
Lions,Cowboys,47,9,30.35,20.299999999999997,1.4062821943681318,0.6232386997767857,1.3924615820759851,0.6684388649280404,1.0644090548582281,0.93957815971181,1.245105444965698,1.1567801140000595,2.9924759013737265,2.0713527758766044,38
Falcons,Panthers,38,20,26.45,21.15,1.0432473887567935,0.9694824218750001,1.5376460678822677,0.8910318973596613,1.0827051643996382,0.9770182791208497,1.0919904910798879,0.8568202927665605,1.5527240614586457,0.46179445993705276,18
Bengals,Giants,17,7,26.5,21.200000000000003,1.279716796875,0.7271118164062501,0.9302765517814094,0.9401234964357359,0.9907969362242448,0.9884064869659849,1.2102165408913845,0.9410426920032121,2.5960641640922497,0.7379834660718689,10
Bills,Jets,23,20,27.9,20.35,3.6914907602163467,0.688019783266129,1.1027817011025174,0.7424710768718473,1.0190976367826274,0.9558940343739998,0.9538496276825739,1.0334406552123365,0.7895862422899663,1.178766304109723,3
Broncos,Saints,33,10,23.7,19.65,1.26287841796875,0.8082421875,1.062438132125614,0.831131279768394,1.011289484439135,0.963948035860891,1.0450873112930652,0.993619291536748,1.2467026263597092,0.9685010025600593,23
Patriots,Jaguars,16,32,21.1,21.85,1.9389648437500002,1.3909965183423916,1.0720588707342793,0.9265650970322321,1.0159060001441245,0.9867877990492551,0.9424415535646028,0.9385102482919513,0.7434848658416839,0.7281068163753593,-16
Seahawks,Falcons,34,14,22.65,21.65,0.8886922200520833,0.9818798953005116,0.7760333516465759,1.0700069584867562,0.9640868259658192,1.0125753827935702,1.1184699106782787,1.0218124330843252,1.7503364042442897,1.1139249042556791,20
Titans,Bills,10,34,20.1,29.55,0.3752835181451613,2.8229046989889706,0.9103913647674757,1.186200765774445,0.9816996564413414,1.0335684778097856,0.9229710618046317,0.8824225104770146,0.6697927207511231,0.5350358610810746,-24
Bengals,Browns,21,14,26.65,20.8,1.59964599609375,0.4998893737792969,0.8153059327406279,0.8668439083105168,0.97421668201937,0.976553982214494,1.234071770783955,1.015117518095645,2.8622139232367556,1.0779077954308525,7
Texans,Packers,22,24,20.700000000000003,24.9,0.7354694234913793,0.8065441997111344,0.7458208812146904,1.169057977980746,0.9491147702225251,1.0340585016316974,0.9775508175334706,0.9560551335887414,0.8926818736068628,0.7987570217715855,-2
Dolphins,Colts,10,16,22.8,21.35,0.9409682329963236,0.8825633081896551,0.9638472045578292,0.9660450336681398,0.9938753150636441,0.9921347094030658,1.081244132299121,0.8554951670160397,1.4778107392071618,0.458234519379144,-6
Lions,Vikings,31,29,25.85,23.15,0.952642776830025,0.8309849330357143,0.8851072538304062,0.745460627141971,0.977252360197512,0.954172551211764,1.366250839611009,1.2418449660643527,4.760496051088375,2.953499529386119,2
Eagles,Giants,28,3,26.2,17.200000000000003,1.7062890625,0.69802734375,1.8516556657668224,0.766788226780397,1.2067312082621997,0.9510849520033091,0.8104836921701588,0.7217388298668114,0.3497207522868276,0.19583952892229978,25
Raiders,Rams,15,20,20.200000000000003,23.2,0.6855625697544643,2.2716866216715976,0.7496021526446275,0.8482419518889434,0.9614357432920286,0.9726562180660147,1.0593562501189886,0.9812761710585197,1.3341669133756022,0.9098216429004925,-5
Panthers,Commanders,7,40,20.950000000000003,29.95,1.026510799632353,1.59964599609375,1.0278823659836767,1.9340993914085391,1.0055572212517037,1.1669266452271898,0.7230991284466551,1.0194700497821176,0.19769204338531315,1.1012156062300988,-33
Chiefs,49ers,28,18,23.700000000000003,20.05,1.613088399422269,0.8725341796875,0.9309495845839315,0.8921873634262317,0.9879874639887217,0.9784734971518264,0.9002748402036105,1.0607506621055853,0.5913921641217408,1.3429707617187214,10
Jets,Steelers,15,37,19.8,23.35,0.688019783266129,1.8457453801081734,0.6335249392138068,1.0985822277548307,0.9331897577623224,1.0210512143106536,1.0389352444292388,0.8010544075283812,1.2104375748897191,0.32984512641462416,-22
Ravens,Buccaneers,41,31,26.549999999999997,25.799999999999997,1.9389648437500002,1.1633789062500002,1.2945017973022672,0.8391741613918937,1.0666295563181665,0.965612366797282,1.2381077470065198,1.3300224016392233,2.909324774465365,4.161930075562091,10
Chargers,Cardinals,15,17,22.6,19.85,3.046944754464286,0.9597875976562501,0.9574568837679079,1.2288517760504514,0.9920015054457323,1.0473766876867285,0.9200830758788886,0.9257518341662941,0.6593791518205965,0.6799436243803467,-2
Vikings,Rams,20,30,24.35,20.1,0.9140834263392859,0.952642776830025,0.9861271037218157,0.6464542903236671,0.9977715496785292,0.9291496522548593,1.156610182619836,1.1448221995682728,2.0698318107735223,1.9664830699888405,-10
Eagles,Bengals,37,17,26.9,23.200000000000003,1.0664306640625,0.767830078125,1.6738130312016475,0.6858818644490053,1.1701311121381324,0.9529101684745437,0.8962079288420026,1.0263567202559627,0.5781544985776855,1.138915887899303,20
Ravens,Browns,24,29,27.6,18.7,2.9084472656250004,0.799822998046875,1.6080848152673808,0.5526129915479544,1.1260432207893014,0.9062204796431214,1.072285231278411,1.0967682749859469,1.417593202888301,1.5869907594916233,-5
Titans,Lions,14,52,19.25,30.1,0.52880859375,1.7371721224547512,0.7605899018625645,1.300032674752038,0.9475842689464072,1.0507143836494042,0.9830848172699755,0.9977669308981877,0.918237330068887,0.9888844092371735,-38
Cardinals,Dolphins,28,27,21.450000000000003,21.25,1.279716796875,1.613088399422269,1.0320748576632877,0.9109443128790913,1.0071165588674078,0.984558575852528,0.9347484506304952,0.9884857535316922,0.71363110255587,0.9437393687149308,1
Jets,Patriots,22,25,22.1,20.3,1.7773844401041667,1.3423602764423077,0.8274868490327459,0.9935953940626641,0.9717218133587691,0.998543838067902,0.9922312360855707,0.7032654666296978,0.9617550468040591,0.17202693873193828,-3
Falcons,Buccaneers,31,26,22.4,26.7,0.927331012228261,0.9694824218750001,0.8683484577808851,1.2186536534919044,0.9742658931507011,1.040254299724241,1.2189082555399477,1.18658336596948,2.6906368908772467,2.3522922601301555,5
Packers,Jaguars,30,27,26.5,19.1,2.5092486213235294,0.5755847662106447,1.31039486651037,0.7079690695740951,1.0596754265643518,0.9415540223926676,1.2362037527637664,0.9519360986366909,2.8870232956979063,0.7816979637786036,3
Colts,Texans,20,23,22.15,23.55,0.472801772244458,0.8886922200520834,1.0882102616611924,0.9879898127644801,1.0195110853630882,0.9978505893209654,0.8205013801072989,1.0264728329696315,0.37187465437026956,1.139560266878976,-3
Saints,Chargers,8,26,18.75,23.1,1.0103027343750002,2.66607666015625,1.0092308397187641,1.059524682037518,1.0018256722597554,1.010737861982721,0.8886868761332584,1.0461039331912103,0.5542986660129857,1.2527781637061421,-18
Bills,Seahawks,31,10,26.6,21.6,2.8229046989889706,0.5160148374495968,1.1284491056169568,0.7721040688534289,1.0236416151864336,0.9633811862545514,1.0183324418264816,1.138649791791103,1.0950851715612664,1.9140393205356898,21
Panthers,Broncos,14,28,19.0,27.6,0.69802734375,1.26287841796875,0.7579410569945474,1.3511524484041777,0.9456808951656659,1.0573690595018057,0.8892843904627223,0.9557822263347165,0.5561646048209768,0.7976176409756038,-14
Chiefs,Raiders,27,20,24.55,18.05,2.109423291552198,0.6855625697544643,0.889403074197541,0.5655095288178578,0.9803980504664156,0.9251659329975038,1.025517657580545,1.0049453663478032,1.1342680856371454,1.0249726106866175,7
Bears,Commanders,15,18,20.6,25.35,1.613088399422269,1.1633789062500002,0.9849346348144423,1.4585011804064396,0.9970844232432982,1.0923416424252763,0.7298385391832741,1.0227226889564454,0.20707800053332848,1.1188953116311975,-3
Cowboys,49ers,24,30,22.0,24.950000000000003,0.8065441997111344,0.8309849330357142,0.8211279457491665,1.2579569539254905,0.969967839332338,1.0447493476722842,0.8820207774384813,1.1086941948561202,0.5338190632350862,1.6751699267786846,-6
Giants,Steelers,18,26,18.4,23.7,0.562925277217742,1.59964599609375,0.738878310479961,1.2930942930181548,0.9444481495793258,1.0586065974858272,0.9283590731109949,0.8664551053869125,0.6895724962775193,0.4883490252752748,-8
Texans,Jets,13,21,22.9,20.75,1.640662560096154,0.7617361886160715,0.8936479283877216,0.7292464012023742,0.9801752039825379,0.9532951098271005,0.8552457789430682,0.9125596924404904,0.4575670017801253,0.6328581988045623,-8
Cowboys,Falcons,21,27,22.2,24.85,0.7617361886160715,0.7948551533385093,0.8041624923245968,1.2047356981824888,0.9668396506451623,1.0349986282956078,1.0667976342504708,1.10493112588758,1.3816887439867946,1.6469334071625348,-6
Dolphins,Bills,27,30,20.950000000000003,26.3,0.7284915352229602,3.1992919921875,0.854417935468933,0.9423604228872717,0.9740915714409762,0.9885863224569829,1.0573518226166014,1.0307329830080023,1.3215925786189884,1.1634048434746458,-3
Raiders,Bengals,24,41,22.1,26.65,0.5713021414620535,1.4765963040865384,0.7363704953070783,0.7594630606351054,0.9591021705280945,0.9654141143190889,1.088217675423704,1.214871219894813,1.52608554365056,2.6463739879938517,-17
Chargers,Browns,27,10,24.0,16.55,3.5547688802083335,0.5998672485351563,0.9452696839745217,0.8289194873219317,0.9896568582317552,0.9693274469543031,0.9248797175066932,0.9083095009742772,0.6767469040267573,0.6182573453465726,17
Patriots,Titans,17,20,21.950000000000003,21.85,1.026510799632353,0.9694824218750001,1.0687551454007376,1.0146346508095532,1.0151951205433598,1.002862410736419,0.6506028419834802,0.8861667217238091,0.11656811677296548,0.5464836645305506,-3
Commanders,Giants,27,22,26.799999999999997,19.8,1.7062890625,1.026510799632353,1.548154176503387,1.004022515334102,1.1076983465467267,1.0007584730339538,0.9664984975144961,0.7655177724947868,0.8433462460773332,0.26289140612371814,5
Saints,Panthers,22,23,25.45,20.9,1.26287841796875,1.090667724609375,1.4586024145935406,1.0459285816264041,1.0778122352106223,1.0090901595122257,0.947414483108051,0.9271591711082448,0.7633084980256518,0.6851276465933976,-1
Broncos,Ravens,10,41,23.049999999999997,24.799999999999997,1.3470703124999999,1.3960546875,0.623256301807693,1.3061639756563415,0.9160952064138081,1.0690227709417695,1.0825518835194943,1.1632853923487145,1.4867693514655616,2.1302539189873846,-31
Jaguars,Eagles,23,28,18.35,26.65,0.6676783288043477,2.843815104166666,0.7361750086009515,1.6973510269529208,0.9479903995785557,1.1751258320704319,0.7639741938103379,1.0041425359242786,0.26025162159163506,1.020884998018073,-5
Bears,Cardinals,9,29,20.049999999999997,21.950000000000003,1.9587501992984695,0.8725341796875,0.9056787388162064,1.3392878016759004,0.9811244286978481,1.0678192488604452,0.8230675134562846,0.990077641885332,0.3777263672966626,0.951363020823032,-20
Lions,Packers,24,14,26.25,23.65,1.0183422786803713,1.026510799632353,1.008680684274379,0.9944059657262823,1.0016309021543819,0.9987979072538408,1.2327665621777497,1.153214521398562,2.8471098894876627,2.0396258717442723,10
Rams,Seahawks,26,20,21.4,21.950000000000003,1.7371721224547512,0.799822998046875,0.9032749504976552,0.8533092465784714,0.9830101607656838,0.9773782502340326,0.9648275762371366,1.129568845290332,0.8360813555243131,1.8389229286619937,6
Colts,Vikings,13,21,20.35,25.85,0.4270467620272525,0.7617361886160715,0.8279043527836878,1.0065610498465192,0.9577487660089603,1.0010448872921196,1.002880763643442,1.1922538193329975,1.0144870456222477,2.409037784631911,-8
Buccaneers,Chiefs,24,30,23.85,23.5,0.8725341796875,1.523472377232143,1.0109169125591073,0.7686104421482212,1.002169280500928,0.956522245017382,1.1368078797109498,1.2028221951220088,1.8986083041871358,2.5177184745825785,-6
Bengals,Ravens,34,35,25.1,28.15,1.279716796875,1.4542236328125002,0.5360915722130155,1.6586209214683703,0.9233418312737347,1.134783892881273,1.4458596654399474,1.1627798358983241,6.318743304967991,2.125628966501881,-1
Giants,Panthers,17,20,23.65,21.65,1.090667724609375,1.1633789062500002,1.2992800509334503,1.0647267229209119,1.05068949664928,1.0127189196563542,0.8976728983717597,0.8038728953335343,0.5828953194430829,0.3356888588342915,-3
Patriots,Bears,19,3,19.200000000000003,21.5,0.793212890625,2.285208565848214,1.1017923987361546,0.9467477031062016,1.0222288724730215,0.9895294387383867,0.8049335892105902,0.8453020387013122,0.33790938396900644,0.43157828216988936,16
Bills,Colts,30,20,28.55,21.75,1.9995574951171875,0.4270467620272525,1.2192017144358671,1.1079446446446857,1.0390671177090036,1.023708017050372,1.144817961877993,0.9291879653297408,1.9664466744485514,0.6926564477668943,10
Broncos,Chiefs,14,16,21.1,21.75,1.0103027343750002,1.0969001116071428,0.7508099812217673,0.7755348605459528,0.9482633645101146,0.957972344747433,0.9252878070806463,1.130132246213043,0.6782412452525901,1.8435135514810599,-2
Falcons,Saints,17,20,22.549999999999997,21.799999999999997,1.0432473887567935,1.1225585937500002,1.2090817865597707,0.9770739747277251,1.0356871988300782,0.995406558442454,1.1940224193713085,0.9573463578170232,2.426958815836441,0.8041655178140663,-3
49ers,Buccaneers,23,20,22.5,26.5,0.9694824218750001,1.026510799632353,0.9067092330242174,1.2443636461816072,0.9814917666472449,1.044597701303968,1.2230594969381254,0.9810587775471615,2.7367676093500006,0.9088142725506818,3
Steelers,Commanders,28,27,23.0,24.7,1.4114523494944853,0.8256237399193549,1.2483473859857468,1.0998891960186492,1.0503780700995051,1.0225315959036176,0.7793930298937083,1.0543197552213424,0.28759583212605844,1.302751916507712,1
Vikings,Jaguars,12,7,26.0,18.700000000000003,2.0312965029761902,0.5384502651647967,0.9823430396246482,0.6212358070665117,0.9971591314177511,0.920338782551388,1.3312123450698157,1.0550119819285617,4.180581381760204,1.3070342256376724,5
Titans,Chargers,17,27,18.1,25.15,0.5816894531250001,2.5092486213235294,0.9451391267815014,0.9856397832901137,0.9889608295149471,0.9973317072606033,0.8415925765148128,0.7757477687149492,0.42219149485580243,0.28093294732021906,-10
Eagles,Cowboys,34,6,27.75,19.4,1.218777901785714,0.5484500558035714,1.8124256728480337,0.7084773350100246,1.1988749199247353,0.948073247618462,0.8650354791431503,0.8488186859800769,0.48436148427068565,0.4406306042211158,28
Jets,Cardinals,6,31,20.65,23.05,1.523472377232143,1.4765963040865384,0.7915913007870331,1.2077685347946838,0.9652155654446919,1.0433133060220652,0.9661319373052858,0.8650246730329366,0.8417481950945921,0.48433123156463365,-25
Lions,Texans,26,23,27.65,20.85,1.054711645776099,0.9694824218750001,1.1633986378383774,0.7317067410323406,1.0289453549752023,0.945891046513243,1.1177906089264127,1.0691684100775538,1.7450275301876175,1.3971099720415698,3
Dolphins,Rams,23,15,21.3,21.1,1.1291618795955882,1.9687950721153846,0.9442803816081592,0.7543189675967421,0.990480226885099,0.9536181637262304,1.0489192427286536,0.9765765725381245,1.2697267339794298,0.8882424160387907,8
Commanders,Eagles,18,26,23.5,25.5,1.0237734375,1.5055491727941175,1.1414357064050396,1.7875800106661341,1.0314427993483821,1.19383795475689,0.8196650719305631,0.7290456673319072,0.36998332011318485,0.20595562919161542,-8
Packers,Bears,20,19,24.6,18.75,1.026510799632353,0.945603544488916,1.3467386378465591,0.7233901780202636,1.065909578449276,0.9396165792194389,1.0558340938428599,0.8573944997994851,1.3121346622826644,0.463343917122937,1
Jaguars,Lions,6,52,19.25,29.25,0.7587253736413044,3.281325120192308,0.6945712485363383,1.3040513228965578,0.9384222889348304,1.051325979629077,1.0411530396372177,1.4453318611155872,1.2234123405093862,6.30721858333346,-46
Vikings,Titans,23,13,26.85,18.700000000000003,1.0753922662815127,0.3752835181451613,0.9793157883469141,0.6802839629857048,0.9966677678757876,0.9270088355732855,0.9189859378654258,0.996170804854268,0.6554571869277006,0.9810000912353748,10
Raiders,Dolphins,19,34,19.450000000000003,22.65,0.9140834263392859,1.7371721224547514,0.5913975540434973,0.8377499011043988,0.930833978331623,0.9708950686025167,0.9831810128393291,0.9781792670019779,0.9186866689727571,0.8955550093201845,-15
Rams,Patriots,28,22,23.25,19.450000000000003,2.460993840144231,0.8725341796875,0.9641781356246296,1.0761885274012066,0.9938740274900784,1.0167922215827654,1.0184029993696417,0.8188306707144533,1.0954646018141339,0.3681039754092444,6
Browns,Saints,14,35,19.35,22.45,0.7498340606689453,1.683837890625,0.9420155284843194,1.023247934714858,0.9901313913255276,1.0045725415685454,1.058811706918023,0.9158915764230519,1.330741413196683,0.6444961447939833,-21
Colts,Jets,28,27,22.95,22.200000000000003,1.0183422786803713,0.8886922200520834,1.1304982251972493,0.8375627923999633,1.0284344796575653,0.9735050405551476,0.7916829673589241,1.0567926593841703,0.31099722016243436,1.318101759506849,1
Ravens,Steelers,16,18,25.35,22.299999999999997,1.125850554435484,1.59964599609375,1.303572380466547,0.7451729824172416,1.0684923348284252,0.9369042555392308,1.1471075859362163,1.0351639119646527,1.9861898538086769,1.1886270673224149,-2
Falcons,Broncos,6,38,20.65,23.95,0.6676783288043477,1.1225585937500002,0.876171416859992,0.9050964676986718,0.975881013625497,0.9816873916708342,1.1452461804807756,0.9658018212324825,1.970127168912101,0.8403110995512922,-32
Seahawks,49ers,20,17,22.450000000000003,21.75,0.9409682329963234,1.026510799632353,0.7924053632846895,1.1172763421950065,0.9669944726828086,1.0213792981163612,0.9247430519951669,1.0252924243421688,0.676247051824348,1.133023042816195,3
Chiefs,Bills,21,30,22.85,24.9,0.8845968641993088,2.399468994140625,0.9070988101028556,0.9011092370604942,0.9836658542729829,0.9800669639086445,1.1085217208617288,1.0535499787820006,1.6738673432024465,1.2980030515028906,-9
Bengals,Chargers,27,34,22.950000000000003,24.55,0.9597875976562501,1.7773844401041667,0.8041373583195234,0.9749759834709009,0.9724991628667261,0.9953296680975201,1.1974161736319566,1.0029341585409688,2.461646004106151,1.0147571385492122,-7
Texans,Cowboys,34,10,24.8,21.549999999999997,1.0156482514880951,0.4896875498246174,1.0295893838282475,0.7858398026260617,1.0052063368099813,0.9633979142741823,0.9873352206207028,0.959011134443477,0.9382598839001574,0.8111818923352744,24
Steelers,Browns,19,24,23.85,18.0,1.9995574951171875,0.3870111280871976,1.1332839107595551,0.6812851341877967,1.0281113856497326,0.9382690796217742,0.883534268521943,1.0014354993734864,0.5384148045627123,1.0071981330539246,-5
Vikings,Bears,30,27,24.1,18.35,0.8309849330357143,0.8845968641993088,1.0095883011242532,0.6347676761313268,1.0015250671442368,0.916291058876574,1.1369803537053413,0.9502333946822318,1.9000490046877385,0.7747319117902,3
Lions,Colts,24,6,29.1,20.9,1.2304969200721154,0.6017477101293103,1.336200508052713,0.92563653517813,1.0561644621631694,0.9824915906877457,1.2944609761174912,0.9897066321013279,3.634501160406879,0.949581844573079,18
Patriots,Dolphins,15,34,18.700000000000003,22.700000000000003,1.1633789062500002,1.8819364659926472,0.849057410720215,0.9522520502172841,0.9635695514540937,0.991870422107744,0.7599509306586126,1.0151889231768612,0.25347069516866694,1.0782869580460037,-19
Buccaneers,Giants,30,7,27.2,19.6,1.1633789062500002,0.9694824218750001,1.4562139859447567,0.7337370101088282,1.0778928528997087,0.9432034715719069,1.113258187287559,1.0020058924851594,1.7099345552033351,1.0100697792625841,23
Cowboys,Commanders,34,26,22.0,28.35,0.8065441997111344,1.218777901785714,0.9276709932554631,1.5153542998825524,0.9884508480335504,1.1021610469016991,0.9003059872271677,1.0315512810010488,0.591494473880153,1.1680303122792803,8
Chiefs,Panthers,30,27,27.55,18.3,1.7139064243861608,0.8725341796875,1.3610329050652683,0.7391429157000396,1.0534435046817914,0.9409069526238012,1.0775793777450744,0.8208778988886669,1.4529355739966616,0.3727286831337826,3
Titans,Texans,32,27,20.5,24.55,0.41549246651785715,1.2546243106617647,0.8941757424942636,0.9612472313663438,0.9782346761567204,0.9929863335839721,0.8150116642342186,0.7912024132811848,0.35959953499613,0.31005448383915674,5
Broncos,Raiders,29,19,24.6,18.75,1.5543118990384615,0.5484500558035714,0.8829464275608984,0.5798917650543242,0.9771893080832041,0.9283418513693776,0.9096049628928388,1.0886908135434534,0.6226788378587065,1.5294060070237205,10
49ers,Packers,10,38,20.85,25.35,0.6017477101293103,1.328425740700692,0.9112473172735878,1.2215545365774636,0.982426951901432,1.0438437039059045,1.0977071352674561,0.8793020872394195,1.593794911736626,0.5256425582763389,-28
Cardinals,Seahawks,6,16,21.75,21.9,1.1291618795955882,1.142604282924107,1.2358795231357071,0.8231847451643426,1.0487191341006374,0.9723243907332836,0.9235026800502438,1.0644887287014742,0.671723899687273,1.3668011528526243,-10
Eagles,Rams,37,20,25.0,19.75,1.279716796875,1.1812770432692306,1.7038893591060522,0.7660593406332673,1.1765047040486312,0.9561022783981846,0.8724389359466278,0.829009178997715,0.505446503985908,0.3915585359269429,17
Ravens,Chargers,30,23,23.9,22.45,1.745068359375,2.843815104166666,1.586056256154129,0.6215471894626992,1.1221686026341269,0.9159049450784089,1.0404351749038048,1.0836049495540465,1.2192004989591305,1.4940148024090134,7
Bears,Lions,20,23,18.9,27.35,1.2464773995535714,1.3423602764423077,0.7097005232569318,1.3402191561972328,0.9361698948886871,1.0567626104146022,0.9377508541937953,1.234449137103379,0.725165847136208,2.866592776759906,-3
Giants,Cowboys,20,27,22.05,22.7,0.8309849330357142,0.9140834263392859,1.01797747348432,0.9609232819676196,1.003370812305258,0.993851587094378,0.9083107722813611,1.0008746410649432,0.6182616720498727,1.0043808619885468,-7
Dolphins,Packers,17,30,19.950000000000003,24.1,0.778732330755578,1.5055491727941175,0.7275959348692186,1.0378165814889524,0.948325822050925,1.0079906641784333,1.0297116996505495,0.9968301894618187,1.15765255937262,0.9842511063090111,-13
Raiders,Chiefs,17,19,18.05,24.55,0.6855625697544643,2.109423291552198,0.5655095288178578,0.889403074197541,0.9251659329975038,0.9803980504664156,1.0049453663478032,1.025517657580545,1.0249726106866175,1.1342680856371454,-2
Chargers,Falcons,17,13,23.35,19.75,2.3698459201388884,0.8345979110054348,0.9026144846976698,1.0639224347585616,0.9812515502704685,1.0115094838209044,0.9667413171675336,1.0243010167011892,0.8444061751210401,1.127555736873073,4
Steelers,Bengals,44,38,24.4,24.4,0.9997787475585938,0.6192178049395162,1.1688987959486146,0.6609168157430069,1.0351844785104356,0.948401044929994,0.9580993953797592,1.3201833323473806,0.80733323370917,4.010247962659506,6
Cardinals,Vikings,22,23,20.450000000000003,24.299999999999997,0.6192178049395162,1.3058334661989797,0.8844921688729147,0.9513137140278757,0.9728070007073703,0.9920611024356185,1.095787885339695,1.0899720791995775,1.579910456935782,1.5384269025536108,-1
Colts,Patriots,25,24,23.5,20.950000000000003,1.103204135237069,0.7271118164062501,1.2348085352528557,1.0984886734026127,1.0493930477277285,1.0215328944342026,0.8921357203675447,0.8440648450240991,0.5651381720181702,0.4284291993283675,1
Seahawks,Jets,26,21,22.8,20.25,1.2304969200721154,1.2546243106617647,0.7878212000260176,0.7752178928153045,0.9661855530925793,0.9621643108220761,0.9701477844990213,0.9400326385250009,0.859388387832524,0.7340314437204589,5
Titans,Commanders,19,42,20.950000000000003,28.1,0.6843405330882353,1.5055491727941175,1.0555597927371834,1.41476801157866,1.0106946295855843,1.0845867629227213,0.7651213365691032,0.8266350130184081,0.26221139767771184,0.3859837149562917,-23
Texans,Jaguars,23,20,23.700000000000003,20.5,2.3698459201388884,0.596141365003882,0.9642186292994701,0.8165619348274921,0.9935322593834586,0.9652782468537501,1.1461093979907888,0.8631522495827684,1.9775631853926503,0.47911198374247954,3
Rams,Saints,21,14,22.299999999999997,21.1,1.8457453801081734,1.0103027343750002,1.020678680862907,1.0743691047006128,1.0034536858670646,1.0143417038253957,1.1274336850428108,0.966846411886475,1.821608448463655,0.8448652530803674,7
Buccaneers,Panthers,26,23,30.35,20.75,1.090667724609375,0.9694824218750001,1.8192390827233578,0.7511737261285247,1.126853298819847,0.943973280922025,1.174273299475435,0.9464830387845317,2.2327799839988463,0.759563660023944,3
Eagles,Ravens,24,19,24.799999999999997,24.15,1.7062890625,1.3960546875,1.06705580739105,1.3528126890726395,1.0199938854128656,1.0784383157670325,0.9682942187705984,0.8918015784889756,0.8512099557036361,0.5640806259239194,5
49ers,Bills,10,35,21.85,27.55,0.562925277217742,2.8229046989889706,1.0700802660015538,1.1091985522311274,1.013004614920322,1.0202415650275258,1.1271724314370555,0.9092076794290993,1.819498873075828,0.6213202040771714,-25
Browns,Broncos,32,41,17.45,24.6,0.47989379882812494,1.683837890625,0.6826395777945319,0.9478689589991998,0.9385785287798359,0.9901253970062313,1.0155588735382952,0.923980903398329,1.0802531117660101,0.6734649174719038,-9
Packers,Lions,31,34,23.65,26.25,1.026510799632353,1.0183422786803713,0.9944059657262823,1.008680684274379,0.9987979072538408,1.0016309021543819,1.153214521398562,1.2327665621777497,2.0396258717442723,2.8471098894876627,-3
Jaguars,Titans,10,6,22.950000000000003,22.1,0.9818798953005116,1.2926432291666665,0.9124621275188038,1.0022798909823438,0.9841520453709391,1.0004481301853385,0.7704705730094054,1.053830937647557,0.27150653087444004,1.2997347207707428,4
Jets,Dolphins,26,32,19.950000000000003,22.15,1.421907552083333,1.7371721224547514,0.6473793613437312,0.8718106669797508,0.9362529422184955,0.9773721324264734,0.9514796993935469,0.9008806180291205,0.7798258610967705,0.5933845262870207,-6
Falcons,Vikings,21,42,20.35,25.049999999999997,0.5384502651647967,1.0156482514880951,0.7657807720770367,0.8968231910286656,0.9519090074982195,0.9827601492352543,1.2124379381361012,1.1452455448272338,2.619977650481209,1.970121701454781,-21
Saints,Giants,14,11,22.299999999999997,19.75,1.3470703124999999,1.090667724609375,1.1675415596746488,1.0216498308922721,1.0312268915962421,1.004053439443025,0.89818693020271,0.9815484426590025,0.5845661401518067,0.9110845702379597,3
Panthers,Eagles,16,22,18.35,29.35,0.69802734375,1.59964599609375,0.7850103804586385,2.3132619157779017,0.9523919421400147,1.2915015455449665,0.6817460516194013,0.8549044329910234,0.14726961683200343,0.45665460898425636,-6
Browns,Steelers,14,27,18.0,23.85,0.3870111280871976,1.9995574951171875,0.6812851341877967,1.1332839107595551,0.9382690796217742,1.0281113856497326,1.0014354993734864,0.883534268521943,1.0071981330539246,0.5384148045627123,-13
Raiders,Buccaneers,13,28,20.5,27.35,0.7617361886160715,1.3423602764423077,0.5747141600091963,1.1888300619718493,0.9272064379508548,1.03512308588941,1.1587152552663702,1.1175399495463574,2.088736345836814,1.743071835685623,-15
Seahawks,Cardinals,30,18,21.9,21.75,1.142604282924107,1.1291618795955882,0.8231847451643426,1.2358795231357071,0.9723243907332836,1.0487191341006374,1.0644887287014742,0.9235026800502438,1.3668011528526243,0.671723899687273,12
Bills,Rams,42,44,27.05,21.5,2.399468994140625,0.952642776830025,1.1944510029398008,0.8651187381289485,1.0349545952498098,0.9758893870025207,1.1105924682169959,1.0606993860531986,1.6895600006478617,1.3426462010825866,-2
Bears,49ers,13,38,20.6,21.950000000000003,1.613088399422269,0.793212890625,0.8718148559805965,1.210760877732038,0.9739591807886526,1.0371560462756246,0.7150155223532558,1.0992053706659102,0.1868862502402582,1.6047013143012367,-25
Chargers,Chiefs,17,19,20.5,20.85,2.132861328125,1.3711251395089286,0.7487510873061682,0.9417209020915142,0.9479545941697115,0.9899090571500713,0.9261878924960946,1.0107832084773762,0.6815465082145009,1.0550914244401575,-2
Bengals,Cowboys,27,20,28.05,23.4,0.9140834263392856,0.5713021414620535,0.9105673028029896,0.8686312153379613,0.9880864331712876,0.9784449522961208,1.2916734234513816,1.1067363819468123,3.595535819819924,1.6604313866045748,7
Rams,49ers,12,6,22.35,22.200000000000003,1.7371721224547512,0.8725341796875,0.887865710887216,1.1826247553859413,0.9801651479106344,1.0325145683052377,0.8614364087884419,1.1181830190463302,0.4743687997335111,1.7480927170489702,6
Chiefs,Browns,21,7,24.55,16.75,2.285208565848214,0.5998672485351563,0.9548003590650074,0.6657090327103421,0.9922180146722057,0.9346730284971251,1.0417255515940305,0.9374389601891957,1.2267797076764806,0.7239607057146714,14
Bengals,Titans,37,27,27.8,22.35,1.1291618795955882,0.48474121093750006,0.850125605935836,0.9883807861767336,0.9794426802487596,0.997703320693339,1.035084243387391,0.9405553576210249,1.1881697404619043,0.7360745600435538,10
Commanders,Saints,20,19,26.049999999999997,21.6,1.59964599609375,1.1885914522058822,1.520820945986025,1.1271393446859073,1.1030902640812832,1.0240427143154454,1.1147259113159984,0.8079364165429185,1.7212362389529394,0.3442594882111437,1
Ravens,Giants,35,14,27.45,19.1,2.3267578125000004,1.1633789062500002,1.8348493943743844,0.5993287289777816,1.1637823588060892,0.9078390936863864,1.0515574168123973,1.016735256359992,1.285774932265486,1.0865242335922842,21
Cowboys,Panthers,30,14,25.85,23.200000000000003,0.8569532121930804,0.8309849330357142,1.2004754843225416,1.0421689533675025,1.0286741551235739,1.0083581672301956,1.0557302704310028,0.8579797248271376,1.3114896579728248,0.46492738236121617,16
Jets,Jaguars,32,25,22.35,21.3,2.3698459201388884,1.2839967861622072,0.8174109056655283,0.8482936162327056,0.9699200657297016,0.9717169270085029,1.1799630343297258,0.8328358133204533,2.2873994381543774,0.4006793507956076,7
Dolphins,Texans,12,20,21.35,21.3,0.8065441997111344,1.421907552083333,0.839199295396967,0.7636492688134479,0.9711751185741638,0.9531159303910686,0.9336739842600297,0.9241813461485677,0.7095390290189679,0.6741957212188555,-8
Colts,Broncos,13,31,20.65,24.75,0.529537984913793,0.8419189453125,0.9472503832076701,1.015846668387539,0.9876890387076599,1.0029184668687954,0.9473023962001478,1.0054445662627738,0.7628570765566128,1.0275208826793967,-18
Bills,Lions,48,42,25.85,27.25,2.18133544921875,0.952642776830025,0.9029426230972399,1.1844965405971044,0.9804522147230275,1.0324377939172507,1.1924360400150327,1.265857202381793,2.4108792998587667,3.2503010251182776,6
Steelers,Eagles,13,27,20.4,24.1,0.9597875976562499,0.8256237399193549,0.9533830804455887,1.3155124292100446,0.9894780348264159,1.0872415533100204,0.7348205797608239,0.8841286045836974,0.21424295725010634,0.5402281475767731,-14
Patriots,Cardinals,17,30,19.4,23.6,1.2464773995535714,1.59964599609375,1.0381956860654769,1.3192085242894553,1.008537600320233,1.0642022397721838,0.7716537361355499,0.9747833938961901,0.27359762071435173,0.8801174065632633,-13
Buccaneers,Chargers,40,17,23.65,22.95,0.8725341796875,2.3698459201388884,1.2587612420878405,0.7609382870995547,1.0469987173759032,0.9507860286946026,1.1014833410758638,1.0679068496812314,1.6213981238676893,1.388886832919527,23
Packers,Seahawks,30,13,24.4,20.6,1.328425740700692,0.5516020676185345,1.2427550698569072,0.6574999873866348,1.0477019108963437,0.9413106112333355,0.9848375259697372,1.1088844671496874,0.9264520408843038,1.676607869933248,17
Bears,Vikings,12,30,18.35,24.1,0.8845968641993088,0.8309849330357143,0.6347676761313268,1.0095883011242532,0.916291058876574,1.0015250671442368,0.9502333946822318,1.1369803537053413,0.7747319117902,1.9000490046877385,-18
Falcons,Raiders,15,9,23.45,20.9,1.2839967861622072,0.7617361886160715,1.0048156328275304,0.681717997608506,1.0008876506638416,0.9490625462456324,1.0392325184023727,1.0489472114845009,1.2121702986931455,1.2698960252340117,6
Broncos,Chargers,27,34,20.9,21.2,1.0103027343750002,1.7062890624999998,0.9348844527115395,0.7677935869833343,0.987597226203289,0.9523624999942798,0.8965359260696658,1.003370216870769,0.5792132480180302,1.0169650514183328,-7
Texans,Chiefs,19,27,19.9,23.25,1.0664306640625,0.9793750996492347,0.7302210420657773,0.8909418338414815,0.94554874152851,0.9806843418977137,0.9446396435127805,0.9788585687538438,0.7521956852428534,0.8986689457983296,-8
Steelers,Ravens,17,34,22.299999999999997,25.35,1.59964599609375,1.125850554435484,0.7451729824172416,1.303572380466547,0.9369042555392308,1.0684923348284252,1.0351639119646527,1.1471075859362163,1.1886270673224149,1.9861898538086769,-17
Giants,Falcons,7,34,20.0,23.299999999999997,0.9694824218750001,1.1127972146739131,0.870348705684646,1.2308122284461793,0.9741149682929241,1.0391000858449972,0.9070833252917918,1.0352507846153902,0.6140955034612887,1.1891259086928354,-27
Lions,Bears,34,17,27.35,18.9,1.3423602764423077,1.2464773995535714,1.3402191561972328,0.7097005232569318,1.0567626104146022,0.9361698948886871,1.234449137103379,0.9377508541937953,2.866592776759906,0.725165847136208,17
Browns,Bengals,6,24,20.8,26.65,0.4998893737792969,1.59964599609375,0.8668439083105168,0.8153059327406279,0.976553982214494,0.97421668201937,1.015117518095645,1.234071770783955,1.0779077954308525,2.8622139232367556,-18
Titans,Colts,30,38,21.950000000000003,24.6,0.48474121093750006,0.7787323307555779,1.026989410636762,1.216013884792386,1.0052531915740228,1.0457203658352026,0.943826854517098,0.7323993754194104,0.7489652195256145,0.21073653082005214,-8
Rams,Jets,19,9,22.7,20.700000000000003,2.2716866216715976,1.0664306640625,0.8827292976837362,0.8205596379677839,0.979207684452989,0.9704851267041048,0.9037327954719987,1.0251987713869835,0.6028374348416695,1.1325056705495762,10
Eagles,Commanders,33,36,25.5,23.5,1.5055491727941175,1.0237734375,1.7875800106661341,1.1414357064050396,1.19383795475689,1.0314427993483821,0.7290456673319072,0.8196650719305631,0.20595562919161542,0.36998332011318485,-3
Cardinals,Panthers,30,36,26.55,20.4,1.1997344970703125,1.2464773995535714,1.7760120848310854,0.9451705442878433,1.1377038256909136,0.9887008544046431,0.9869288261228616,0.8154672159393065,0.9363304992253422,0.3606056519720458,-6
Vikings,Seahawks,27,24,23.9,20.200000000000003,1.0753922662815127,0.5160148374495968,0.9316365807226054,0.5769496901271168,0.9887553314935624,0.9237322502234282,1.0605273358278353,1.228954759770991,1.3415576379262917,2.8033639212560177,3
Patriots,Bills,21,24,19.1,28.450000000000003,0.562925277217742,3.999114990234375,0.973773042061414,1.2045346261419019,0.9939905153909626,1.0366382896214896,0.8254134987952303,1.0748789096142162,0.383140300225328,1.434820945940878,-3
Jaguars,Raiders,14,19,21.8,21.85,1.2839967861622072,1.523472377232143,0.8151516378761492,0.7467257053973341,0.964987319472361,0.9609314881916473,0.9042959845101959,1.219276934594298,0.6047181613943864,2.6947084923456175,-5
49ers,Dolphins,17,29,21.450000000000003,21.8,1.1633789062500002,1.328425740700692,0.933030121670566,0.8768835470037395,0.9868640713160429,0.9783186876688377,1.0377777193292872,0.8587177185893801,1.2037095652582261,0.4669303683656298,-12
Buccaneers,Cowboys,24,26,28.75,21.799999999999997,0.8309849330357142,0.7617361886160715,1.4253619947171134,0.6779395188457994,1.0732960833577405,0.9416320977568561,1.1881890268165294,1.1784336519077145,2.368250765069676,2.272614010006856,-2
Saints,Packers,0,34,19.75,25.299999999999997,0.6967605064655171,1.4114523494944853,0.8278331397693132,1.4042829424621914,0.9631874870811064,1.0755152574461553,0.9491417656661332,1.150815988700146,0.7702920607870961,2.0185031679278578,-34
Lions,49ers,6,7,28.1,21.0,1.7371721224547512,0.793212890625,1.2156410637171302,0.89400259712598,1.0375021594722305,0.978852945376669,1.0280532795595154,1.200585965961312,1.1483601523727973,2.494401231179243,-1
Chiefs,Steelers,29,10,22.3,20.35,0.8845968641993088,1.1997344970703125,0.7739961009020123,0.8976777472011624,0.9576510330326754,0.9763659127532698,1.1144155005029963,0.8847839633854818,1.7188410633465718,0.542233333964688,19
Ravens,Texans,31,2,26.299999999999997,21.85,1.2464773995535714,1.421907552083333,1.500533614890916,0.6061651783577562,1.1067320488503183,0.9147106951712503,1.0075740056284175,1.1051928032623632,1.038448045104497,1.648884521476159,29
Seahawks,Bears,6,3,21.700000000000003,19.65,0.7271118164062501,1.613088399422269,0.873610541009732,0.8869455270348051,0.9806986627711768,0.9771879605765583,1.1103979582331491,0.800832988211257,1.6880809648953616,0.3293895161686637,3
Chargers,Patriots,40,7,24.05,17.1,3.5547688802083335,0.8725341796875,1.0008737830318466,1.0109399520637579,1.0001613483047176,1.002470732585633,0.9449384006775126,0.7526366772355269,0.7533859065175355,0.24150542560425528,33
Broncos,Bengals,24,30,25.15,23.85,0.8419189453125,0.767830078125,0.9776569440120676,0.6622307656749016,0.995820413644617,0.9486420399780323,1.0019594897765944,1.338802048361094,1.0098359201951366,4.301122786517614,-6
Cardinals,Rams,9,13,22.200000000000003,21.799999999999997,0.9597875976562501,2.109423291552198,1.3081649217269105,0.9223530566820086,1.0621946550305388,0.9864771680023298,1.0071712131673143,0.9916152878033891,1.0363740299512574,0.9587736029368883,-4
Jets,Bills,14,40,20.35,27.9,0.688019783266129,3.6914907602163467,0.7424710768718473,1.1027817011025174,0.9558940343739998,1.0190976367826274,1.0334406552123365,0.9538496276825739,1.178766304109723,0.7895862422899663,-26
Raiders,Saints,25,10,20.65,22.45,0.8569532121930804,1.5543118990384615,0.8002276241969889,0.9531624597343883,0.9700478924072772,0.9905226900734182,1.1350583492788984,0.9016414953188744,1.8840435532844715,0.5958946042077635,15
Colts,Giants,33,45,23.299999999999997,20.8,0.8825633081896551,0.7271118164062501,1.330661252601251,0.9768470705152567,1.0674801631926583,0.9955855948244111,0.8563185502374218,0.944315883975397,0.46044393919203686,0.7509075556694771,-12
Cowboys,Eagles,7,41,19.4,27.75,0.5484500558035714,1.218777901785714,0.7084773350100246,1.8124256728480337,0.948073247618462,1.1988749199247353,0.8488186859800769,0.8650354791431503,0.4406306042211158,0.48436148427068565,-34
Panthers,Buccaneers,14,48,20.75,30.35,0.9694824218750001,1.090667724609375,0.7511737261285247,1.8192390827233578,0.943973280922025,1.126853298819847,0.9464830387845317,1.174273299475435,0.759563660023944,2.2327799839988463,-34
Titans,Jaguars,13,20,22.1,22.950000000000003,1.2926432291666665,0.9818798953005116,1.0022798909823438,0.9124621275188038,1.0004481301853385,0.9841520453709391,1.053830937647557,0.7704705730094054,1.2997347207707428,0.27150653087444004,-7
Dolphins,Browns,20,3,22.65,18.15,1.8819364659926472,0.799822998046875,0.8993491585385459,0.6961840138618838,0.9824565169559847,0.9416451840451165,0.9936389967965493,0.9171366098272828,0.9685970419637494,0.648888606647391,17
Packers,Vikings,25,27,23.1,23.0,0.7284915352229602,0.6304023629926108,0.8894128485328473,0.7598400707112071,0.9751849115967496,0.9570882441940147,1.1685651306684264,1.1354306303699866,2.1790370536526265,1.8871352623277549,-2
Falcons,Commanders,24,30,22.6,26.299999999999997,0.9818798953005116,1.421907552083333,1.1882205623488185,1.2955951265229615,1.0323634485684177,1.06248001505511,0.9312279894304785,1.03015729278348,0.700293514501024,1.16015951676094,-6
